file_name,#timeframe,#clause,#total_calls,#ctg,result,time
139442p0.aig,4,11,618,19,HOLDS,0.19
139443p0.aig,4,9,600,12,HOLDS,0.31
139444p0.aig,4,4,622,8,HOLDS,0.47
139454p0.aig,4,12,|1,069|,33,HOLDS,1.16
139463p0.aig,5,31,|1,338|,54,HOLDS,1.57
6s100.aig,NA,NA,NA,NA,NA,timeout
6s102.aig,NA,NA,NA,NA,NA,timeout
6s105.aig,NA,NA,NA,NA,NA,timeout
6s108.aig,13,2150,|68,268|,5514,HOLDS,68.92
6s10.aig,NA,NA,NA,NA,NA,timeout
6s119.aig,NA,NA,NA,NA,NA,timeout
6s120.aig,4,95,|1,909|,217,HOLDS,0.76
6s122.aig,NA,NA,NA,NA,NA,timeout
6s12.aig,NA,NA,NA,NA,NA,timeout
6s131.aig,8,2976,|99,486|,15432,HOLDS,207.56
6s13.aig,NA,NA,NA,NA,NA,timeout
6s147.aig,NA,NA,NA,NA,NA,timeout
6s148.aig,NA,NA,NA,NA,NA,timeout
6s149.aig,NA,NA,NA,NA,NA,timeout
6s151.aig,NA,NA,NA,NA,NA,timeout
6s159.aig,6,26,582,42,HOLDS,0.08
6s160.aig,NA,NA,NA,NA,NA,timeout
6s161.aig,NA,NA,NA,NA,NA,timeout
6s164.aig,45,9606,|416,858|,26709,HOLDS,54.63
6s16.aig,NA,NA,NA,NA,NA,timeout
6s171.aig,NA,NA,NA,NA,NA,timeout
6s173.aig,23,9587,|748,549|,132338,HOLDS,220.80
6s177.aig,NA,NA,NA,NA,NA,timeout
6s179.aig,NA,NA,NA,NA,NA,timeout
6s183.aig,9,5090,|155,187|,19985,HOLDS,194.17
6s184.aig,NA,NA,NA,NA,NA,timeout
6s185.aig,NA,NA,NA,NA,NA,timeout
6s186.aig,NA,NA,NA,NA,NA,timeout
6s187.aig,NA,NA,NA,NA,NA,timeout
6s188.aig,NA,NA,NA,NA,NA,timeout
6s190.aig,NA,NA,NA,NA,NA,timeout
6s194.aig,NA,NA,NA,NA,NA,timeout
6s195.aig,NA,NA,NA,NA,NA,timeout
6s198.aig,NA,NA,NA,NA,NA,timeout
6s202b00.aig,NA,NA,NA,NA,NA,timeout
6s203b41.aig,NA,NA,NA,NA,NA,timeout
6s204b19.aig,10,663,|16,224|,930,HOLDS,242.23
6s206rb025.aig,8,4,213,14,HOLDS,10.05
6s20.aig,NA,NA,NA,NA,NA,timeout
6s22.aig,NA,NA,NA,NA,NA,timeout
6s23.aig,NA,NA,NA,NA,NA,timeout
6s24.aig,NA,NA,NA,NA,NA,timeout
6s266rb2.aig,NA,NA,NA,NA,NA,timeout
6s267rb3.aig,NA,NA,NA,NA,NA,timeout
6s268r.aig,NA,NA,NA,NA,NA,timeout
6s271rb045.aig,6,85,|2,630|,137,HOLDS,45.77
6s271rb079.aig,7,65,|1,366|,134,HOLDS,30.34
6s273b37.aig,14,92,|3,072|,316,HOLDS,24.91
6s274r.aig,NA,NA,NA,NA,NA,timeout
6s276rb342.aig,9,152,|4,995|,612,HOLDS,8.51
6s277rb292.aig,9,166,|5,857|,901,HOLDS,10.30
6s279r.aig,NA,NA,NA,NA,NA,timeout
6s280r.aig,NA,NA,NA,NA,NA,timeout
6s281b35.aig,NA,NA,NA,NA,NA,timeout
6s284rb1.aig,NA,NA,NA,NA,NA,timeout
6s299b685.aig,NA,NA,NA,NA,NA,timeout
6s29.aig,NA,NA,NA,NA,NA,timeout
6s301rb106.aig,NA,NA,NA,NA,NA,timeout
6s306rb03.aig,20,937,|36,481|,1795,HOLDS,98.10
6s307rb09.aig,9,107,|7,930|,270,HOLDS,27.65
6s309b034.aig,NA,NA,NA,NA,NA,timeout
6s309b046.aig,NA,NA,NA,NA,NA,timeout
6s310r.aig,48,76402,|3,796,524|,116013,HOLDS,1690.56
6s317b14.aig,16,1527,|58,999|,3061,HOLDS,22.72
6s31.aig,NA,NA,NA,NA,NA,timeout
6s320rb0.aig,NA,NA,NA,NA,NA,timeout
6s322rb646.aig,NA,NA,NA,NA,NA,timeout
6s325rb072.aig,4,14,370,19,HOLDS,0.51
6s326rb08.aig,12,1123,|52,180|,2484,HOLDS,112.99
6s329rb19.aig,NA,NA,NA,NA,NA,timeout
6s329rb20.aig,NA,NA,NA,NA,NA,timeout
6s339rb19.aig,NA,NA,NA,NA,NA,timeout
6s339rb22.aig,NA,NA,NA,NA,NA,timeout
6s33.aig,NA,NA,NA,NA,NA,timeout
6s340rb27.aig,NA,NA,NA,NA,NA,timeout
6s340rb63.aig,NA,NA,NA,NA,NA,timeout
6s341r.aig,NA,NA,NA,NA,NA,timeout
6s342rb122.aig,NA,NA,NA,NA,NA,timeout
6s342rb131.aig,13,593,|17,754|,1103,HOLDS,526.81
6s343b31.aig,NA,NA,NA,NA,NA,timeout
6s344rb150.aig,15,3539,|120,998|,5255,HOLDS,825.11
6s350rb35.aig,3,318,|5,020|,500,FAILED,1446.15
6s350rb46.aig,3,267,|4,147|,448,FAILED,1338.39
6s351rb02.aig,NA,NA,NA,NA,NA,timeout
6s355rb08740.aig,1,0,5,0,HOLDS,1.53
6s355rb11080.aig,1,0,5,0,HOLDS,1.54
6s357r.aig,NA,NA,NA,NA,NA,timeout
6s359r.aig,NA,NA,NA,NA,NA,timeout
6s35.aig,NA,NA,NA,NA,NA,timeout
6s362rb0.aig,NA,NA,NA,NA,NA,timeout
6s362rb1.aig,6,11,223,20,HOLDS,0.29
6s365r.aig,NA,NA,NA,NA,NA,timeout
6s366r.aig,NA,NA,NA,NA,NA,timeout
6s367r.aig,NA,NA,NA,NA,NA,timeout
6s36.aig,NA,NA,NA,NA,NA,timeout
6s372rb26.aig,11,137,|4,181|,541,HOLDS,2.09
6s376r.aig,NA,NA,NA,NA,NA,timeout
6s377r.aig,NA,NA,NA,NA,NA,timeout
6s380b129.aig,11,62,|1,755|,166,HOLDS,10.81
6s382r.aig,NA,NA,NA,NA,NA,timeout
6s385rb444.aig,NA,NA,NA,NA,NA,timeout
6s387rb181.aig,NA,NA,NA,NA,NA,timeout
6s387rb291.aig,NA,NA,NA,NA,NA,timeout
6s391rb379.aig,3,2,95,5,HOLDS,0.31
6s392r.aig,NA,NA,NA,NA,NA,timeout
6s393r.aig,NA,NA,NA,NA,NA,timeout
6s394r.aig,NA,NA,NA,NA,NA,timeout
6s398b09.aig,NA,NA,NA,NA,NA,timeout
6s398b16.aig,NA,NA,NA,NA,NA,timeout
6s399b02.aig,NA,NA,NA,NA,NA,timeout
6s399b03.aig,NA,NA,NA,NA,NA,timeout
6s39.aig,NA,NA,NA,NA,NA,timeout
6s401rb051.aig,NA,NA,NA,NA,NA,timeout
6s402rb0342.aig,NA,NA,NA,NA,NA,timeout
6s404rb1.aig,NA,NA,NA,NA,NA,timeout
6s405rb611.aig,4,67,|1,384|,124,HOLDS,26.24
6s406rb067.aig,6,21,527,42,HOLDS,17.49
6s406rb111.aig,NA,NA,NA,NA,NA,timeout
6s407rb296.aig,10,903,|38,225|,2427,HOLDS,534.27
6s410rb043.aig,6,374,|11,067|,879,HOLDS,151.73
6s413b398.aig,NA,NA,NA,NA,NA,timeout
6s421rb083.aig,3,66,|1,518|,182,HOLDS,0.91
6s43.aig,22,17535,|721,943|,28647,HOLDS,436.50
6s44.aig,NA,NA,NA,NA,NA,timeout
6s45.aig,NA,NA,NA,NA,NA,timeout
6s48p1.aig,NA,NA,NA,NA,NA,timeout
6s514r.aig,NA,NA,NA,NA,NA,timeout
6s516r.aig,NA,NA,NA,NA,NA,timeout
6s517rb0.aig,NA,NA,NA,NA,NA,timeout
6s52.aig,314,31874,|5,641,725|,283261,HOLDS,1000.16
6s54.aig,NA,NA,NA,NA,NA,timeout
6s7.aig,NA,NA,NA,NA,NA,timeout
bc57sensorsp0.aig,75,5424,|364,651|,27845,FAILED,49.38
bc57sensorsp1.aig,70,6299,|392,845|,29885,FAILED,59.72
bc57sensorsp1neg.aig,81,6789,|430,336|,30391,FAILED,67.55
beemandrsn4b1.aig,NA,NA,NA,NA,NA,timeout
beembkry8b1.aig,NA,NA,NA,NA,NA,timeout
beembrptwo3b2.aig,NA,NA,NA,NA,NA,timeout
beembrptwo6b1.aig,46,4656,|391,671|,32855,FAILED,135.82
beemcmbrdg7f2.aig,NA,NA,NA,NA,NA,timeout
beemcycschd3b1.aig,5,10,532,35,HOLDS,0.25
beemelev1f1.aig,5,22,562,51,HOLDS,0.15
beemelev2f1.aig,4,23,469,34,HOLDS,0.10
beemextnc1b1.aig,NA,NA,NA,NA,NA,timeout
beemextnc1f1.aig,NA,NA,NA,NA,NA,timeout
beemextnc3f1.aig,NA,NA,NA,NA,NA,timeout
beemfrogs4f1.aig,13,23094,|747,620|,46788,FAILED,509.91
beemfwt2b2.aig,NA,NA,NA,NA,NA,timeout
beemfwt3f3.aig,23,3239,|230,877|,17022,HOLDS,498.49
beemfwt4b1.aig,NA,NA,NA,NA,NA,timeout
beemfwt5b1.aig,NA,NA,NA,NA,NA,timeout
beemfwt5b3.aig,NA,NA,NA,NA,NA,timeout
beemhanoi4b1.aig,NA,NA,NA,NA,NA,timeout
beemkrebs4b1.aig,NA,NA,NA,NA,NA,timeout
beemlann2f1.aig,31,5098,|229,818|,16835,HOLDS,24.55
beemldfilt3f1.aig,NA,NA,NA,NA,NA,timeout
beemldfilt7b1.aig,NA,NA,NA,NA,NA,timeout
beemlifts2b1.aig,NA,NA,NA,NA,NA,timeout
beemlifts3b1.aig,NA,NA,NA,NA,NA,timeout
beemlmprt8f1.aig,13,14490,|843,033|,125046,FAILED,164.20
beemloyd3b1.aig,NA,NA,NA,NA,NA,timeout
beemlup1b1.aig,1,2,23,0,HOLDS,0.04
beemmcs6f1.aig,16,4740,|241,912|,28600,HOLDS,37.29
beemmsmie1f1.aig,21,2082,|88,688|,8963,HOLDS,11.62
beemndhm4b3.aig,NA,NA,NA,NA,NA,timeout
beempgmprot1f2.aig,NA,NA,NA,NA,NA,timeout
beempgsol4f1.aig,NA,NA,NA,NA,NA,timeout
beempgsol5b1.aig,NA,NA,NA,NA,NA,timeout
beemprdcell2f1.aig,45,29621,|1,506,117|,170473,FAILED,181.32
beemptrsn1b1.aig,26,40086,|2,500,702|,212812,HOLDS,795.89
beemptrsn7f1.aig,NA,NA,NA,NA,NA,timeout
beemrshr4b1.aig,NA,NA,NA,NA,NA,timeout
beemrwtrs2b1.aig,NA,NA,NA,NA,NA,timeout
beemskbn2b1.aig,NA,NA,NA,NA,NA,timeout
beemskbn3f1.aig,2,1,31,1,HOLDS,1.30
beemszmsk1f1.aig,64,6419,|562,329|,67297,HOLDS,97.89
beemtlphn4f1.aig,22,8817,|411,669|,23441,HOLDS,132.76
beemtrngt4b1.aig,28,37165,|4,019,881|,698061,HOLDS,1677.96
benchmarks.txt,,,,,,
bj08amba2g3f3.aig,12,140,|5,105|,831,HOLDS,0.57
bjrb07amba10andenv.aig,15,901,|33,311|,3931,HOLDS,532.15
bjrb07amba1andenv.aig,7,40,|1,025|,117,HOLDS,0.10
bjrb07amba4andenv.aig,12,281,|9,667|,954,HOLDS,21.94
bjrb07amba5andenv.aig,9,225,|8,157|,1097,HOLDS,18.40
bob12s02.aig,NA,NA,NA,NA,NA,timeout
bob12s03.aig,NA,NA,NA,NA,NA,timeout
bob12s06.aig,NA,NA,NA,NA,NA,timeout
bob12s08.aig,NA,NA,NA,NA,NA,timeout
bob12s10.aig,NA,NA,NA,NA,NA,timeout
bob2.aig,8,50,|1,135|,134,HOLDS,0.02
bob3.aig,23,1467,|52,427|,6400,HOLDS,2.69
bob9234spec4neg.aig,225,1963,|177,139|,25083,FAILED,13.30
bob9234spec5neg.aig,76,32230,|1,262,947|,53047,FAILED,160.64
bob9234spec6neg.aig,135,67142,|2,804,098|,101990,FAILED,523.74
bobcohdoptdcd4.aig,16,3305,|111,194|,9727,HOLDS,6.28
boblivea.aig,25,12899,|548,266|,30064,HOLDS,63.94
boblivear.aig,18,4415,|160,542|,13157,HOLDS,8.64
bobmiterbm1and.aig,1,0,5,0,HOLDS,0.04
bobpcihm.aig,NA,NA,NA,NA,NA,timeout
bobsm38584.aig,NA,NA,NA,NA,NA,timeout
bobsm5378d2.aig,30,1642,|63,663|,2884,HOLDS,14.95
bobsm9234.aig,NA,NA,NA,NA,NA,timeout
bobsmcodic.aig,NA,NA,NA,NA,NA,timeout
bobsmdct.aig,11,302,|9,610|,542,HOLDS,1.11
bobsmhdlc1.aig,NA,NA,NA,NA,NA,timeout
bobsmmem.aig,NA,NA,NA,NA,NA,timeout
bobsmminiuart.aig,NA,NA,NA,NA,NA,timeout
bobsmmips.aig,NA,NA,NA,NA,NA,timeout
bobsmoci.aig,106,30019,|2,544,064|,245703,HOLDS,986.85
bobsynth09neg.aig,8,69,|1,523|,114,HOLDS,2.01
bobsynthetic2.aig,3,395,|3,280|,21,FAILED,7.79
bobtuint08neg.aig,6,26,614,48,HOLDS,0.13
bobtuint09neg.aig,12,186,|4,922|,302,HOLDS,0.69
bobtuint12neg.aig,4,8,192,15,HOLDS,0.07
bobtuint16neg.aig,5,9,195,15,HOLDS,0.07
bobtuint17neg.aig,6,34,831,86,HOLDS,0.18
bobtuint18neg.aig,4,5,130,12,HOLDS,0.06
bobtuint19neg.aig,6,26,646,56,HOLDS,0.14
bobtuint20neg.aig,4,6,140,13,HOLDS,0.06
bobtuint21neg.aig,6,26,638,65,HOLDS,0.15
bobtuint22neg.aig,5,9,211,16,HOLDS,0.07
bobtuint26neg.aig,9,127,|2,785|,190,HOLDS,0.40
bobtuintand.aig,1,0,5,0,HOLDS,0.03
bobtuintorneg.aig,1,0,5,0,HOLDS,0.03
bobtuttt.aig,NA,NA,NA,NA,NA,timeout
bobuns2p10d100l.aig,1,0,5,0,HOLDS,0.76
cmugigamax.aig,4,12,217,30,HOLDS,0.03
cmuperiodic.aig,94,2874,|247,330|,32962,HOLDS,27.33
eijkbs1512.aig,58,746,|49,198|,3214,HOLDS,4.32
eijkbs3271.aig,NA,NA,NA,NA,NA,timeout
eijkbs4863.aig,6,678,|13,410|,762,HOLDS,4.90
eijkbs6669.aig,NA,NA,NA,NA,NA,timeout
eijks1423.aig,35,24702,|1,075,984|,42827,HOLDS,228.89
eijks208c.aig,29,48,|2,209|,105,HOLDS,0.05
eijks208o.aig,27,35,|1,612|,64,HOLDS,0.04
eijks298.aig,19,330,|14,269|,2196,HOLDS,0.34
eijks420.aig,106,152,|15,823|,480,HOLDS,0.58
eijks510.aig,46,701,|37,469|,3397,HOLDS,2.04
eijks713.aig,3,21,399,21,HOLDS,0.02
eijks820.aig,10,211,|4,708|,524,HOLDS,0.40
eijks832.aig,10,240,|5,207|,575,HOLDS,0.45
irstdme5.aig,29,11011,|458,799|,42784,FAILED,53.81
kenflashp01.aig,2,9,103,0,HOLDS,0.03
kenflashp04.aig,1,1,15,0,HOLDS,0.03
kenflashp11.aig,1,3,35,0,HOLDS,0.12
kenflashp13.aig,1,0,5,0,HOLDS,0.01
kenoopp1.aig,1,1,15,0,HOLDS,0.01
mentorbm1p01.aig,3,23,|1,240|,61,HOLDS,3.75
mentorbm1p05.aig,12,1327,|37,298|,1925,HOLDS,80.83
mentorbm1p07.aig,12,1288,|41,767|,1688,HOLDS,99.46
mentorbm1p09.aig,2,4,113,9,HOLDS,0.95
ndista128.aig,59,240,|18,622|,3522,HOLDS,0.20
ndista262144.aig,577,32325,|6,435,219|,1045268,HOLDS,688.29
neclaftp1002.aig,NA,NA,NA,NA,NA,timeout
neclaftp2001.aig,5,1,127,7,HOLDS,1.47
neclaftp2002.aig,41,1570,|69,806|,4756,HOLDS,492.09
neclaftp4001.aig,12,101,|3,098|,242,HOLDS,2.93
nusmvdme116.aig,NA,NA,NA,NA,NA,timeout
nusmvdme216.aig,NA,NA,NA,NA,NA,timeout
nusmvguidancep6.aig,18,484,|18,222|,1243,HOLDS,2.86
nusmvguidancep8.aig,26,581,|28,227|,2652,HOLDS,4.81
nusmvreactorp1.aig,1,0,5,0,HOLDS,0.02
nusmvreactorp2.aig,145,7021,|599,031|,40258,HOLDS,66.05
nusmvreactorp4.aig,35,678,|26,797|,1599,HOLDS,2.56
nusmvreactorp5.aig,1,0,5,0,HOLDS,0.02
nusmvreactorp6.aig,145,8188,|700,327|,54204,HOLDS,80.37
nusmvsyncarb10p2.aig,11,55,|1,233|,90,HOLDS,0.02
nusmvtcasp2.aig,19,850,|37,728|,3152,HOLDS,7.72
nusmvtcastp3.aig,17,11384,|889,576|,101772,HOLDS,192.91
oski15a01b00s.aig,NA,NA,NA,NA,NA,timeout
oski15a01b01s.aig,NA,NA,NA,NA,NA,timeout
oski15a01b02s.aig,NA,NA,NA,NA,NA,timeout
oski15a01b03s.aig,NA,NA,NA,NA,NA,timeout
oski15a01b04s.aig,NA,NA,NA,NA,NA,timeout
oski15a01b05s.aig,NA,NA,NA,NA,NA,timeout
oski15a01b06s.aig,NA,NA,NA,NA,NA,timeout
oski15a01b07s.aig,1,0,5,0,FAILED,6.55
oski15a01b08s.aig,NA,NA,NA,NA,NA,timeout
oski15a01b09s.aig,NA,NA,NA,NA,NA,timeout
oski15a01b10s.aig,1,0,5,0,HOLDS,6.00
oski15a01b11s.aig,1,0,5,0,HOLDS,5.94
oski15a01b12s.aig,NA,NA,NA,NA,NA,timeout
oski15a01b13s.aig,NA,NA,NA,NA,NA,timeout
oski15a01b14s.aig,NA,NA,NA,NA,NA,timeout
oski15a01b15s.aig,1,0,5,0,FAILED,6.54
oski15a01b16s.aig,1,0,5,0,HOLDS,6.02
oski15a01b17s.aig,1,0,5,0,FAILED,5.76
oski15a01b18s.aig,NA,NA,NA,NA,NA,timeout
oski15a01b19s.aig,NA,NA,NA,NA,NA,timeout
oski15a01b20s.aig,1,0,5,0,HOLDS,7.21
oski15a01b21s.aig,1,0,5,0,FAILED,6.54
oski15a01b22s.aig,1,0,5,0,HOLDS,7.10
oski15a01b23s.aig,1,0,5,0,FAILED,6.54
oski15a01b24s.aig,1,0,5,0,HOLDS,7.15
oski15a01b25s.aig,1,0,5,0,FAILED,6.48
oski15a01b26s.aig,NA,NA,NA,NA,NA,timeout
oski15a01b27s.aig,1,0,5,0,FAILED,6.53
oski15a01b28s.aig,NA,NA,NA,NA,NA,timeout
oski15a01b29s.aig,1,0,5,0,FAILED,6.51
oski15a01b30s.aig,NA,NA,NA,NA,NA,timeout
oski15a01b31s.aig,1,0,5,0,FAILED,6.43
oski15a01b32s.aig,NA,NA,NA,NA,NA,timeout
oski15a01b33s.aig,1,0,5,0,FAILED,6.55
oski15a01b34s.aig,NA,NA,NA,NA,NA,timeout
oski15a01b35s.aig,1,0,5,0,FAILED,6.45
oski15a01b36s.aig,NA,NA,NA,NA,NA,timeout
oski15a01b37s.aig,1,0,5,0,FAILED,6.42
oski15a01b38s.aig,NA,NA,NA,NA,NA,timeout
oski15a01b39s.aig,NA,NA,NA,NA,NA,timeout
oski15a01b40s.aig,NA,NA,NA,NA,NA,timeout
oski15a01b41s.aig,NA,NA,NA,NA,NA,timeout
oski15a01b42s.aig,NA,NA,NA,NA,NA,timeout
oski15a01b43s.aig,NA,NA,NA,NA,NA,timeout
oski15a01b44s.aig,NA,NA,NA,NA,NA,timeout
oski15a01b45s.aig,NA,NA,NA,NA,NA,timeout
oski15a01b46s.aig,NA,NA,NA,NA,NA,timeout
oski15a01b47s.aig,1,0,5,0,FAILED,6.54
oski15a01b48s.aig,NA,NA,NA,NA,NA,timeout
oski15a01b49s.aig,NA,NA,NA,NA,NA,timeout
oski15a01b50s.aig,NA,NA,NA,NA,NA,timeout
oski15a01b51s.aig,NA,NA,NA,NA,NA,timeout
oski15a01b52s.aig,NA,NA,NA,NA,NA,timeout
oski15a01b53s.aig,NA,NA,NA,NA,NA,timeout
oski15a01b54s.aig,NA,NA,NA,NA,NA,timeout
oski15a01b55s.aig,1,0,5,0,FAILED,6.52
oski15a01b56s.aig,1,0,5,0,HOLDS,5.99
oski15a01b57s.aig,1,0,5,0,FAILED,5.72
oski15a01b58s.aig,NA,NA,NA,NA,NA,timeout
oski15a01b59s.aig,NA,NA,NA,NA,NA,timeout
oski15a01b60s.aig,NA,NA,NA,NA,NA,timeout
oski15a01b61s.aig,1,0,5,0,FAILED,6.54
oski15a01b62s.aig,NA,NA,NA,NA,NA,timeout
oski15a01b63s.aig,1,0,5,0,FAILED,6.45
oski15a01b64s.aig,NA,NA,NA,NA,NA,timeout
oski15a01b65s.aig,1,0,5,0,FAILED,6.41
oski15a01b66s.aig,NA,NA,NA,NA,NA,timeout
oski15a01b67s.aig,1,0,5,0,FAILED,6.39
oski15a01b68s.aig,NA,NA,NA,NA,NA,timeout
oski15a01b69s.aig,1,0,5,0,FAILED,6.55
oski15a01b70s.aig,NA,NA,NA,NA,NA,timeout
oski15a01b71s.aig,1,0,5,0,FAILED,6.38
oski15a01b72s.aig,NA,NA,NA,NA,NA,timeout
oski15a01b73s.aig,1,0,5,0,FAILED,6.55
oski15a01b74s.aig,NA,NA,NA,NA,NA,timeout
oski15a01b75s.aig,1,0,5,0,FAILED,6.49
oski15a01b76s.aig,NA,NA,NA,NA,NA,timeout
oski15a01b77s.aig,1,0,5,0,FAILED,6.11
oski15a01b78s.aig,NA,NA,NA,NA,NA,timeout
oski15a01b79s.aig,NA,NA,NA,NA,NA,timeout
oski15a07b0s.aig,NA,NA,NA,NA,NA,timeout
oski15a07b1s.aig,1,0,5,0,FAILED,1.81
oski15a07b2s.aig,NA,NA,NA,NA,NA,timeout
oski15a07b3s.aig,1,0,5,0,FAILED,1.80
oski15a07b4s.aig,NA,NA,NA,NA,NA,timeout
oski15a07b5s.aig,1,0,5,0,FAILED,1.81
oski15a08b00s.aig,NA,NA,NA,NA,NA,timeout
oski15a08b01s.aig,1,0,425,0,FAILED,74.13
oski15a08b02s.aig,NA,NA,NA,NA,NA,timeout
oski15a08b03s.aig,NA,NA,NA,NA,NA,timeout
oski15a08b04s.aig,NA,NA,NA,NA,NA,timeout
oski15a08b05s.aig,NA,NA,NA,NA,NA,timeout
oski15a08b06s.aig,NA,NA,NA,NA,NA,timeout
oski15a08b07s.aig,NA,NA,NA,NA,NA,timeout
oski15a08b08s.aig,NA,NA,NA,NA,NA,timeout
oski15a08b09s.aig,NA,NA,NA,NA,NA,timeout
oski15a08b10s.aig,NA,NA,NA,NA,NA,timeout
oski15a08b11s.aig,NA,NA,NA,NA,NA,timeout
oski15a08b12s.aig,NA,NA,NA,NA,NA,timeout
oski15a08b13s.aig,NA,NA,NA,NA,NA,timeout
oski15a08b14s.aig,NA,NA,NA,NA,NA,timeout
oski15a08b15s.aig,NA,NA,NA,NA,NA,timeout
oski15a08b16s.aig,NA,NA,NA,NA,NA,timeout
oski15a08b17s.aig,NA,NA,NA,NA,NA,timeout
oski15a10b00s.aig,8,116,|2,446|,173,HOLDS,10.94
oski15a10b01s.aig,1,0,5,0,FAILED,0.70
oski15a10b02s.aig,NA,NA,NA,NA,NA,timeout
oski15a10b03s.aig,1,0,840,0,FAILED,7.28
oski15a10b04s.aig,NA,NA,NA,NA,NA,timeout
oski15a10b05s.aig,1,0,810,0,FAILED,7.14
oski15a10b06s.aig,NA,NA,NA,NA,NA,timeout
oski15a10b07s.aig,3,796,|60,517|,2617,FAILED,279.79
oski15a10b08s.aig,NA,NA,NA,NA,NA,timeout
oski15a10b09s.aig,4,2949,|159,933|,7634,FAILED,727.02
oski15a10b10s.aig,NA,NA,NA,NA,NA,timeout
oski15a10b11s.aig,4,2591,|87,450|,6209,FAILED,372.95
oski15a10b12s.aig,NA,NA,NA,NA,NA,timeout
oski15a10b13s.aig,1,0,5,0,FAILED,0.70
oski15a10b14s.aig,NA,NA,NA,NA,NA,timeout
oski15a10b15s.aig,1,0,700,0,FAILED,6.23
oski15a10b16s.aig,NA,NA,NA,NA,NA,timeout
oski15a10b17s.aig,1,0,5,0,FAILED,0.73
oski15a14b00s.aig,NA,NA,NA,NA,NA,timeout
oski15a14b01s.aig,1,0,5,0,FAILED,0.54
oski15a14b02s.aig,NA,NA,NA,NA,NA,timeout
oski15a14b03s.aig,NA,NA,NA,NA,NA,timeout
oski15a14b04s.aig,NA,NA,NA,NA,NA,timeout
oski15a14b05s.aig,NA,NA,NA,NA,NA,timeout
oski15a14b06s.aig,NA,NA,NA,NA,NA,timeout
oski15a14b07s.aig,1,0,5,0,FAILED,0.57
oski15a14b08s.aig,NA,NA,NA,NA,NA,timeout
oski15a14b09s.aig,1,0,5,0,FAILED,0.57
oski15a14b10s.aig,NA,NA,NA,NA,NA,timeout
oski15a14b11s.aig,1,0,5,0,FAILED,0.58
oski15a14b12s.aig,3,260,|7,687|,756,HOLDS,18.35
oski15a14b13s.aig,1,0,5,0,FAILED,0.57
oski15a14b14s.aig,1,0,5,0,HOLDS,0.70
oski15a14b15s.aig,1,0,5,0,FAILED,0.58
oski15a14b16s.aig,1,0,5,0,HOLDS,1.35
oski15a14b17s.aig,1,0,5,0,FAILED,0.57
oski15a14b18s.aig,1,0,5,0,HOLDS,0.70
oski15a14b19s.aig,1,0,5,0,FAILED,0.57
oski15a14b20s.aig,NA,NA,NA,NA,NA,timeout
oski15a14b21s.aig,NA,NA,NA,NA,NA,timeout
oski15a14b22s.aig,NA,NA,NA,NA,NA,timeout
oski15a14b23s.aig,NA,NA,NA,NA,NA,timeout
oski15a14b24s.aig,NA,NA,NA,NA,NA,timeout
oski15a14b25s.aig,NA,NA,NA,NA,NA,timeout
oski15a14b26s.aig,NA,NA,NA,NA,NA,timeout
oski15a14b27s.aig,NA,NA,NA,NA,NA,timeout
oski15a14b28s.aig,NA,NA,NA,NA,NA,timeout
oski15a14b29s.aig,NA,NA,NA,NA,NA,timeout
oski15a14b30s.aig,NA,NA,NA,NA,NA,timeout
oski15a14b31s.aig,1,0,5,0,FAILED,0.57
oski15a14b32s.aig,4,26,491,29,HOLDS,2.39
oski15a14b33s.aig,NA,NA,NA,NA,NA,timeout
oski1rub00i.aig,NA,NA,NA,NA,NA,timeout
oski1rub01i.aig,NA,NA,NA,NA,NA,timeout
oski1rub02i.aig,NA,NA,NA,NA,NA,timeout
oski1rub03i.aig,NA,NA,NA,NA,NA,timeout
oski1rub08i.aig,NA,NA,NA,NA,NA,timeout
oski1rub09i.aig,NA,NA,NA,NA,NA,timeout
oski1rub10i.aig,NA,NA,NA,NA,NA,timeout
oski2b1i.aig,NA,NA,NA,NA,NA,timeout
oski2b2i.aig,14,1163,|31,561|,4316,HOLDS,505.03
oski2b3i.aig,NA,NA,NA,NA,NA,timeout
oski2b4i.aig,NA,NA,NA,NA,NA,timeout
oski2b5i.aig,NA,NA,NA,NA,NA,timeout
oski2ub0i.aig,NA,NA,NA,NA,NA,timeout
oski3b0i.aig,NA,NA,NA,NA,NA,timeout
oski3b3i.aig,13,379,|54,662|,1412,FAILED,241.62
pdtfifo1to0.aig,70,50624,|3,647,799|,191592,HOLDS,1113.54
pdtpmsam2901.aig,2,243,|2,479|,0,HOLDS,7.08
pdtpmsblackjack.aig,12,1079,|30,690|,1908,HOLDS,4.12
pdtpmscoherence.aig,20,3945,|163,222|,15261,HOLDS,21.44
pdtpmsns2.aig,26,7118,|318,059|,15276,HOLDS,68.94
pdtpmstwo.aig,2,1,507,0,HOLDS,0.03
pdtpmsudc8.aig,269,54837,|9,560,027|,1997653,HOLDS,1073.12
pdtswvqis10x6p2.aig,NA,NA,NA,NA,NA,timeout
pdtswvsam6x8p1.aig,12,42,|1,340|,145,HOLDS,0.87
pdtswvtma6x4p1.aig,43,1552,|98,898|,13017,HOLDS,12.71
pdtswvtms12x8p1.aig,28,7513,|368,533|,48431,HOLDS,53.98
pdtswvtms14x8p1.aig,33,7223,|377,760|,46554,HOLDS,57.87
pdtvisbakery2.aig,36,1691,|91,481|,10646,HOLDS,50.56
pdtvisblackjack1.aig,15,143,|7,331|,965,HOLDS,1.70
pdtvisblackjack2.aig,16,272,|10,763|,715,HOLDS,2.29
pdtviscoherence4.aig,11,221,|6,964|,779,HOLDS,1.04
pdtvisgigamax3.aig,5,20,412,52,HOLDS,0.06
pdtvisgoodbakery0.aig,41,1416,|82,798|,10344,HOLDS,44.92
pdtvisminmax0.aig,1,0,5,0,HOLDS,0.01
pdtvisminmaxr1.aig,3,46,741,80,HOLDS,0.05
pdtvisns3p02.aig,14,1433,|48,974|,3224,HOLDS,12.65
pdtvisretherrtf1.aig,1,0,5,0,HOLDS,0.02
pdtvissoap2.aig,10,319,|8,594|,565,HOLDS,2.75
pdtvistimeout0.aig,52,37425,|2,971,452|,290492,HOLDS,881.81
pdtvistwoall3.aig,1,0,5,0,HOLDS,0.04
pdtvisvending07.aig,11,104,|3,779|,554,HOLDS,0.29
pdtvisvending09.aig,1,0,5,0,HOLDS,0.01
pdtvisvsa16a10.aig,15,950,|48,213|,6622,HOLDS,16.48
pdtvisvsa16a16.aig,1,0,5,0,HOLDS,0.09
pdtvisvsa16a27.aig,12,498,|15,455|,1780,HOLDS,5.23
pdtvisvsa16a29.aig,NA,NA,NA,NA,NA,timeout
pdtvisvsar22.aig,1,0,5,0,HOLDS,0.03
pdtvsar8multip13.aig,1,0,5,0,HOLDS,0.09
pdtvsar8multip16.aig,1,0,5,0,HOLDS,0.07
pdtvsar8multip23.aig,1,0,5,0,HOLDS,0.08
pdtvsarmultip08.aig,7,46,|1,599|,292,HOLDS,0.29
pdtvsarmultip13.aig,1,0,5,0,HOLDS,0.03
pdtvsarmultip29.aig,18,13177,|693,578|,133677,HOLDS,154.86
pdtvsarmultip30.aig,1,0,5,0,HOLDS,0.03
pj2002.aig,8,277,|7,068|,1014,HOLDS,17.43
pj2003.aig,8,198,|4,878|,538,HOLDS,10.79
pj2006.aig,12,3122,|99,717|,8201,HOLDS,269.19
pj2007.aig,9,189,|6,266|,771,HOLDS,6.25
pj2015.aig,13,522,|20,130|,1982,HOLDS,50.91
pj2018.aig,22,2039,|91,797|,6541,HOLDS,144.50
power2bit128.aig,37,82,|8,113|,1637,HOLDS,0.11
power2bit8.aig,7,7,247,31,HOLDS,0.00
power2eq2048.aig,403,5983,|746,136|,125559,HOLDS,16.74
power2eq262144.aig,NA,NA,NA,NA,NA,timeout
power2eq32768.aig,1913,87501,|16,031,911|,2609795,HOLDS,1173.55
power2eq65536.aig,796,17354,|3,361,098|,510817,HOLDS,137.23
power2sum128.aig,51,366,|23,953|,3364,HOLDS,0.56
power2sum256.aig,19,87,|4,572|,753,HOLDS,0.11
power2sum32.aig,19,72,|2,986|,408,HOLDS,0.07
prodcellp0neg.aig,84,3518,|270,069|,20108,FAILED,28.71
prodcellp1.aig,124,3846,|414,566|,21724,FAILED,43.20
prodcellp2neg.aig,126,3056,|342,781|,20422,FAILED,35.29
prodcellp4.aig,81,3467,|275,162|,21425,FAILED,35.56
shift1add2048.aig,29,68,|5,439|,848,HOLDS,0.07
shift1add256.aig,15,29,|1,642|,305,HOLDS,0.02
shift1add262144.aig,24,30,|2,217|,229,HOLDS,0.03
shift1add512.aig,15,21,942,165,HOLDS,0.02
shift1add524288.aig,25,43,|3,090|,316,HOLDS,0.05
texaspimainp05.aig,12,42,|1,386|,89,HOLDS,0.79
texaspimainp12.aig,3,5,110,17,HOLDS,0.19
vis4arbitp1.aig,10,119,|3,185|,418,HOLDS,0.10
viscoherencep2.aig,9,132,|3,814|,429,HOLDS,0.40
viscoherencep3.aig,11,242,|7,184|,674,HOLDS,0.74
vselevatorp3.aig,2,2,46,4,HOLDS,0.02
